"env","x","y","z"
1,0,0,0.18379433584148
1,0,1,0.341611666479811
1,0,2,0.482654308472366
1,0,3,0.594907732328892
1,0,4,0.649787637185982
1,0,5,0.621760452848757
1,0,6,0.491389874215759
1,0,7,0.36783270673379
1,0,8,0.394378148275973
1,0,9,0.468393153087085
1,0,10,0.389969034534448
1,1,0,0.093837928440582
1,1,1,0.140514420907265
1,1,2,0.245810623417865
1,1,3,0.390132418196179
1,1,4,0.513712531735628
1,1,5,0.569893984071679
1,1,6,0.531308794726761
1,1,7,0.499368432144016
1,1,8,0.603836169260482
1,1,9,0.702923169453351
1,1,10,0.565297857151533
1,2,0,0.254231614258187
1,2,1,0.10331442243655
1,2,2,0.0873230267728196
1,2,3,0.237842859506837
1,2,4,0.438104353246433
1,2,5,0.553674880041262
1,2,6,0.55368337467245
1,2,7,0.565010374922989
1,2,8,0.711695809104611
1,2,9,0.846329014883811
1,2,10,0.718701497395002
1,3,0,0.522428736307626
1,3,1,0.219408166486373
1,3,2,0.0736060191310836
1,3,3,0.167750205520595
1,3,4,0.349317237039414
1,3,5,0.418833958388605
1,3,6,0.373192575664139
1,3,7,0.394453214157023
1,3,8,0.576013304302208
1,3,9,0.756601765442309
1,3,10,0.721095143480021
1,4,0,0.639567815316201
1,4,1,0.374242144747565
1,4,2,0.249769160061683
1,4,3,0.300842224767866
1,4,4,0.364172824717418
1,4,5,0.296527135119396
1,4,6,0.190248349056454
1,4,7,0.248955546928927
1,4,8,0.460692105722716
1,4,9,0.640620793583788
1,4,10,0.681529805032387
1,5,0,0.59173444427506
1,5,1,0.498714465182167
1,5,2,0.529049542127729
1,5,3,0.613232406222782
1,5,4,0.571250847117855
1,5,5,0.375149788846817
1,5,6,0.24196006982937
1,5,7,0.353812451594768
1,5,8,0.566104961127366
1,5,9,0.687045018520981
1,5,10,0.732897208251301
1,6,0,0.552560152609394
1,6,1,0.550933814610443
1,6,2,0.682005835850322
1,6,3,0.847348997203909
1,6,4,0.837026426623693
1,6,5,0.647322952338435
1,6,6,0.525096531704059
1,6,7,0.616206271658939
1,6,8,0.746426944237287
1,6,9,0.790735912044694
1,6,10,0.836724448811074
1,7,0,0.506743228281541
1,7,1,0.436987936667645
1,7,2,0.54683050990773
1,7,3,0.788902114643967
1,7,4,0.933638200352128
1,7,5,0.899176109806374
1,7,6,0.821607099418278
1,7,7,0.793672420104824
1,7,8,0.76316939736902
1,7,9,0.772263042875777
1,7,10,0.901757370035055
1,8,0,0.347379387365331
1,8,1,0.189668009994055
1,8,2,0.259743129380395
1,8,3,0.544804756572491
1,8,4,0.821977364438074
1,8,5,0.938911475981106
1,8,6,0.895090472765692
1,8,7,0.740054201062881
1,8,8,0.599450252746694
1,8,9,0.671305710259483
1,8,10,0.943713838696133
1,9,0,0.159088825040911
1,9,1,0.0131046209442858
1,9,2,0.0883768442347175
1,9,3,0.370050608596455
1,9,4,0.662883878518484
1,9,5,0.800505080144577
1,9,6,0.740419015688446
1,9,7,0.548620084481165
1,9,8,0.446737828857142
1,9,9,0.640339896696492
1,9,10,1
1,10,0,0.0880864545862516
1,10,1,0
1,10,2,0.0679490112831366
1,10,3,0.294615569510202
1,10,4,0.533469606449894
1,10,5,0.626344197828775
1,10,6,0.550069921037448
1,10,7,0.411483402636077
1,10,8,0.403711836592029
1,10,9,0.632009784780648
1,10,10,0.956617101620382
2,0,0,0.319022510950069
2,0,1,0.381998254483981
2,0,2,0.369193746364616
2,0,3,0.338815457528349
2,0,4,0.365479541435919
2,0,5,0.475484325394545
2,0,6,0.613302216091388
2,0,7,0.736402975872403
2,0,8,0.810451758282716
2,0,9,0.75436030010935
2,0,10,0.56433902759035
2,1,0,0.266628731900686
2,1,1,0.297727363138898
2,1,2,0.235565930920723
2,1,3,0.18193028781141
2,1,4,0.236653722551938
2,1,5,0.426083822551344
2,1,6,0.685291838194247
2,1,7,0.915906961578387
2,1,8,1
2,1,9,0.879190489743357
2,1,10,0.641012624016618
2,2,0,0.219456959009516
2,2,1,0.220717244548498
2,2,2,0.130891440433312
2,2,3,0.0477523832422459
2,2,4,0.0733859013483443
2,2,5,0.239532681529721
2,2,6,0.514959244836438
2,2,7,0.801920026367783
2,2,8,0.921727880153398
2,2,9,0.820749959227718
2,2,10,0.653597949932744
2,3,0,0.248403478237264
2,3,1,0.220016052515971
2,3,2,0.133314902406148
2,3,3,0.0354641454064884
2,3,4,0
2,3,5,0.060840773236517
2,3,6,0.239512776015786
2,3,7,0.49030943442064
2,3,8,0.63197620255395
2,3,9,0.59908202751882
2,3,10,0.550859275688741
2,4,0,0.406710299191482
2,4,1,0.322657268588844
2,4,2,0.236568418872819
2,4,3,0.134837403130813
2,4,4,0.0497966363988173
2,4,5,0.0130784843745275
2,4,6,0.0701111333711778
2,4,7,0.219554933258387
2,4,8,0.335261964106477
2,4,9,0.361893305628095
2,4,10,0.411449139409012
2,5,0,0.579466515269196
2,5,1,0.454786999518337
2,5,2,0.359619776253736
2,5,3,0.249775606674067
2,5,4,0.143968660346948
2,5,5,0.0744354171245774
2,5,6,0.0655625994294121
2,5,7,0.119252022551726
2,5,8,0.18395998416365
2,5,9,0.24357511089573
2,5,10,0.354803742233202
2,6,0,0.626075486329653
2,6,1,0.517127466154398
2,6,2,0.415165248815891
2,6,3,0.288751616859715
2,6,4,0.186241616323093
2,6,5,0.140727041031991
2,6,6,0.128279437953133
2,6,7,0.130914949449925
2,6,8,0.154708523483495
2,6,9,0.222438255314056
2,6,10,0.365231378083446
2,7,0,0.52630274471639
2,7,1,0.44059998860167
2,7,2,0.342209573641689
2,7,3,0.226742421910962
2,7,4,0.166474071695977
2,7,5,0.173350002344291
2,7,6,0.178640416499506
2,7,7,0.167066185746995
2,7,8,0.186124820545713
2,7,9,0.263923680561224
2,7,10,0.420404466220541
2,8,0,0.350561824181191
2,8,1,0.261862465623819
2,8,2,0.194578896630889
2,8,3,0.148810780357646
2,8,4,0.171653619100421
2,8,5,0.228607499459099
2,8,6,0.232943590132459
2,8,7,0.211748128925485
2,8,8,0.248721296989249
2,8,9,0.345271472215516
2,8,10,0.500659827246812
2,9,0,0.212591397276681
2,9,1,0.126955582433733
2,9,2,0.117325918185266
2,9,3,0.165224807476016
2,9,4,0.266981816678835
2,9,5,0.351550788510493
2,9,6,0.334745957998964
2,9,7,0.27920140139533
2,9,8,0.292867777066326
2,9,9,0.368685674009597
2,9,10,0.501475010468736
2,10,0,0.177477398088367
2,10,1,0.118543857033528
2,10,2,0.162764716673394
2,10,3,0.271731630839907
2,10,4,0.40224408897034
2,10,5,0.482644992925558
2,10,6,0.443154001910279
2,10,7,0.339204372152741
2,10,8,0.276535962734212
2,10,9,0.281234257320635
2,10,10,0.379590843902161
3,0,0,0.539370499223934
3,0,1,0.393456595616725
3,0,2,0.343163493583172
3,0,3,0.372269470945297
3,0,4,0.426132685895935
3,0,5,0.554831397203608
3,0,6,0.737329560537131
3,0,7,0.784612315214099
3,0,8,0.612941011751984
3,0,9,0.372018979425499
3,0,10,0.193196857632168
3,1,0,0.539177022514534
3,1,1,0.466958063157821
3,1,2,0.493032842688168
3,1,3,0.556529834710287
3,1,4,0.629204407594064
3,1,5,0.757291190822795
3,1,6,0.891713883565506
3,1,7,0.866534862452694
3,1,8,0.609621464934258
3,1,9,0.283282077232915
3,1,10,0.0729651744045582
3,2,0,0.535234850242114
3,2,1,0.549356061829637
3,2,2,0.611839157154376
3,2,3,0.651813818390478
3,2,4,0.691417569735297
3,2,5,0.784861925316207
3,2,6,0.867270868604503
3,2,7,0.783352126831487
3,2,8,0.477325939403909
3,2,9,0.141602180848502
3,2,10,0
3,3,0,0.489326441630855
3,3,1,0.610496971399648
3,3,2,0.74116682163809
3,3,3,0.760593774734572
3,3,4,0.694985624021413
3,3,5,0.678166528003878
3,3,6,0.730003835932647
3,3,7,0.688877678072051
3,3,8,0.44511341011304
3,3,9,0.172381892521971
3,3,10,0.118295587988368
3,4,0,0.480931268452133
3,4,1,0.667899862274617
3,4,2,0.846084902960517
3,4,3,0.854001884108357
3,4,4,0.693714689336779
3,4,5,0.574909112397759
3,4,6,0.629682656014729
3,4,7,0.713675096023007
3,4,8,0.634361603974679
3,4,9,0.466540610879642
3,4,10,0.437719772771011
3,5,0,0.483726818802787
3,5,1,0.63063316526545
3,5,2,0.763093446320504
3,5,3,0.760566696823521
3,5,4,0.613178573116369
3,5,5,0.515500298824897
3,5,6,0.622294600432844
3,5,7,0.822052872528935
3,5,8,0.894711839432572
3,5,9,0.816744047037951
3,5,10,0.754942235368036
3,6,0,0.506841852932991
3,6,1,0.555122380500372
3,6,2,0.578147084011428
3,6,3,0.544490826418687
3,6,4,0.46005814257047
3,6,5,0.456702609724688
3,6,6,0.6317387834113
3,6,7,0.878084535542727
3,6,8,1
3,6,9,0.951900059872219
3,6,10,0.85304689923138
3,7,0,0.638106619136783
3,7,1,0.590871651744154
3,7,2,0.494780667033729
3,7,3,0.390806923004398
3,7,4,0.320137473668713
3,7,5,0.361504862011039
3,7,6,0.545488857549068
3,7,7,0.766431770855601
3,7,8,0.869363768569615
3,7,9,0.818653426928002
3,7,10,0.716228914165675
3,8,0,0.846614225347064
3,8,1,0.714949909089286
3,8,2,0.516131803359207
3,8,3,0.336098277735571
3,8,4,0.252171334734633
3,8,5,0.281271852855264
3,8,6,0.392820815663707
3,8,7,0.528540633378114
3,8,8,0.594679856173751
3,8,9,0.538650992962239
3,8,10,0.457347925338068
3,9,0,0.983302511194306
3,9,1,0.801474671281711
3,9,2,0.553545397109877
3,9,3,0.349891788370062
3,9,4,0.299336100192005
3,9,5,0.341345857430943
3,9,6,0.366879401359573
3,9,7,0.375742398292735
3,9,8,0.363217146457478
3,9,9,0.276283855664969
3,9,10,0.216277656795693
3,10,0,0.976882660589896
3,10,1,0.804105657973418
3,10,2,0.58295686459066
3,10,3,0.422616876208381
3,10,4,0.457279801957627
3,10,5,0.574759392854995
3,10,6,0.579899163423328
3,10,7,0.470506919817671
3,10,8,0.323609726157978
3,10,9,0.162790032203152
3,10,10,0.115315438902362
4,0,0,0.452735131509883
4,0,1,0.632503548239231
4,0,2,0.879188429395897
4,0,3,0.97583648923209
4,0,4,0.861348455083406
4,0,5,0.663062090664562
4,0,6,0.535452020472541
4,0,7,0.520530403039561
4,0,8,0.57671290059784
4,0,9,0.692612954667191
4,0,10,0.84239679299321
4,1,0,0.342118622252319
4,1,1,0.599738004006096
4,1,2,0.891586329557553
4,1,3,1
4,1,4,0.891263014999921
4,1,5,0.689591632869462
4,1,6,0.517165208442948
4,1,7,0.431725829276707
4,1,8,0.440976100551096
4,1,9,0.545560133017862
4,1,10,0.715754216423703
4,2,0,0.216536079243219
4,2,1,0.466587939444017
4,2,2,0.733182204892356
4,2,3,0.856189158120288
4,2,4,0.816389645997103
4,2,5,0.684589321405997
4,2,6,0.529861863180396
4,2,7,0.44284488859939
4,2,8,0.481189851602408
4,2,9,0.596010983187463
4,2,10,0.700423568735704
4,3,0,0.121537679785032
4,3,1,0.317243382779045
4,3,2,0.541560973781855
4,3,3,0.704474668115354
4,3,4,0.761828438179624
4,3,5,0.697677554528387
4,3,6,0.553838270953826
4,3,7,0.485541671163869
4,3,8,0.592411830211905
4,3,9,0.74079966518766
4,3,10,0.75347861402667
4,4,0,0.131767443313085
4,4,1,0.276252123079751
4,4,2,0.463998833209752
4,4,3,0.633966911565666
4,4,4,0.707019927144604
4,4,5,0.62344813284087
4,4,6,0.453952154514482
4,4,7,0.409235626133168
4,4,8,0.593262896736942
4,4,9,0.804284824515068
4,4,10,0.791507533662911
4,5,0,0.251188879120893
4,5,1,0.370146802122433
4,5,2,0.501690721941916
4,5,3,0.581519931199164
4,5,4,0.553756274461759
4,5,5,0.406458255335573
4,5,6,0.251888408995152
4,5,7,0.27875845716867
4,5,8,0.539192493817714
4,5,9,0.808221688556295
4,5,10,0.818467760801373
4,6,0,0.394837312946685
4,6,1,0.494817004889819
4,6,2,0.553629062519722
4,6,3,0.50452791778537
4,6,4,0.354103355194003
4,6,5,0.170324438890778
4,6,6,0.0757706573732572
4,6,7,0.187241239828746
4,6,8,0.499997033123444
4,6,9,0.803090329359153
4,6,10,0.844571040162025
4,7,0,0.53356093557038
4,7,1,0.58473343783747
4,7,2,0.58727974395228
4,7,3,0.477463601435807
4,7,4,0.277190673975732
4,7,5,0.0785999987091753
4,7,6,0
4,7,7,0.119348954989662
4,7,8,0.421281920014691
4,7,9,0.734646853596195
4,7,10,0.822358709507004
4,8,0,0.682595650324559
4,8,1,0.649971440206263
4,8,2,0.621518808469678
4,8,3,0.538579268684966
4,8,4,0.367576520934297
4,8,5,0.157009429954744
4,8,6,0.0266745660928815
4,8,7,0.0640532739121419
4,8,8,0.280630050152174
4,8,9,0.574538268416527
4,8,10,0.739099783109013
4,9,0,0.754509795728157
4,9,1,0.631838853516201
4,9,2,0.595610668158477
4,9,3,0.585572720156124
4,9,4,0.48050839684901
4,9,5,0.271958640867892
4,9,6,0.0841221083378264
4,9,7,0.0219497839930063
4,9,8,0.128306510651751
4,9,9,0.386081016156693
4,9,10,0.646521045701284
4,10,0,0.676928578179104
4,10,1,0.505766902504231
4,10,2,0.492802008459528
4,10,3,0.551112754661207
4,10,4,0.498329446219449
4,10,5,0.321910635644824
4,10,6,0.143086128164912
4,10,7,0.0438210060298794
4,10,8,0.0774515916788332
4,10,9,0.295476112047147
4,10,10,0.60754104648505
5,0,0,0.0278821738927379
5,0,1,0
5,0,2,0.0689979526243238
5,0,3,0.236871247059467
5,0,4,0.369442048655924
5,0,5,0.378959973891346
5,0,6,0.323216241404601
5,0,7,0.263292803320326
5,0,8,0.235073621435023
5,0,9,0.285113483042376
5,0,10,0.393750631007143
5,1,0,0.00845860858291114
5,1,1,0.0829682917133743
5,1,2,0.193691709598617
5,1,3,0.340254245555886
5,1,4,0.457858749649599
5,1,5,0.503399021492935
5,1,6,0.508662233290909
5,1,7,0.485800895399539
5,1,8,0.438789570378904
5,1,9,0.428903143759141
5,1,10,0.479723852771857
5,2,0,0.235493029387088
5,2,1,0.312344045277727
5,2,2,0.354156320880556
5,2,3,0.418008938216343
5,2,4,0.528091032691673
5,2,5,0.626895896326507
5,2,6,0.671382428835379
5,2,7,0.669431980846571
5,2,8,0.642062325656022
5,2,9,0.608169787915513
5,2,10,0.573350679545058
5,3,0,0.558904013772628
5,3,1,0.542794660829647
5,3,2,0.462751915070455
5,3,3,0.426493647732016
5,3,4,0.491442410632597
5,3,5,0.566665929779649
5,3,6,0.5846204932934
5,3,7,0.608759817530588
5,3,8,0.678497071526178
5,3,9,0.695377649103736
5,3,10,0.591264223714769
5,4,0,0.777045247789996
5,4,1,0.695385782001236
5,4,2,0.572666992970319
5,4,3,0.485519405855599
5,4,4,0.445028160412512
5,4,5,0.380840329042937
5,4,6,0.30924964073092
5,4,7,0.357947290108243
5,4,8,0.540626564513805
5,4,9,0.647642482836401
5,4,10,0.547007127647368
5,5,0,0.789498045821083
5,5,1,0.754845407504168
5,5,2,0.726134594329346
5,5,3,0.678134073421239
5,5,4,0.537515557013794
5,5,5,0.306213878927206
5,5,6,0.128527587415821
5,5,7,0.162389919957938
5,5,8,0.386679047225354
5,5,9,0.568739680454266
5,5,10,0.552879605264186
5,6,0,0.67272052037073
5,6,1,0.752050387218636
5,6,2,0.874895793378925
5,6,3,0.916104693452194
5,6,4,0.748971949316653
5,6,5,0.432983736495351
5,6,6,0.173274730252331
5,6,7,0.136544402654327
5,6,8,0.323751242746336
5,6,9,0.549172404550602
5,6,10,0.641814475830634
5,7,0,0.572408517802081
5,7,1,0.726886920194437
5,7,2,0.920598673853352
5,7,3,1
5,7,4,0.865364489377092
5,7,5,0.579023935409822
5,7,6,0.295437323988036
5,7,7,0.181755125019589
5,7,8,0.310668393985274
5,7,9,0.549758215535974
5,7,10,0.712857805479058
5,8,0,0.558745046884818
5,8,1,0.701977623038898
5,8,2,0.837257912304542
5,8,3,0.861396016104752
5,8,4,0.763439745625998
5,8,5,0.574303944581718
5,8,6,0.337605848943154
5,8,7,0.204073462741355
5,8,8,0.299009996968124
5,8,9,0.516174487169749
5,8,10,0.687609029299497
5,9,0,0.63304917337538
5,9,1,0.716139753394853
5,9,2,0.740674204152656
5,9,3,0.670127307382872
5,9,4,0.582590803123999
5,9,5,0.492743837017816
5,9,6,0.346104415824229
5,9,7,0.247388316490868
5,9,8,0.323632363097053
5,9,9,0.480266292299259
5,9,10,0.604744194095274
5,10,0,0.75931242650656
5,10,1,0.796432419284987
5,10,2,0.736266975376692
5,10,3,0.58166930942267
5,10,4,0.476118662417495
5,10,5,0.458857630276685
5,10,6,0.412850345836729
5,10,7,0.364683289139153
5,10,8,0.418063367246548
5,10,9,0.505199856664373
5,10,10,0.564515511954586
6,0,0,0.329896702209632
6,0,1,0.114895003736697
6,0,2,0.0513448667788452
6,0,3,0.126853400197804
6,0,4,0.203262411958558
6,0,5,0.244628067298107
6,0,6,0.399778673481809
6,0,7,0.628036231195666
6,0,8,0.703219281245722
6,0,9,0.630841035423445
6,0,10,0.612251023443794
6,1,0,0.462779121376748
6,1,1,0.322758809277805
6,1,2,0.359423656246992
6,1,3,0.493322192555358
6,1,4,0.555806176176683
6,1,5,0.506566858345624
6,1,6,0.508561969746002
6,1,7,0.568685368421556
6,1,8,0.515233083940812
6,1,9,0.38626113814901
6,1,10,0.356084402371655
6,2,0,0.58075091257553
6,2,1,0.548736331228884
6,2,2,0.702852624708003
6,2,3,0.860434726116522
6,2,4,0.86467946952448
6,2,5,0.736434630192209
6,2,6,0.629280990784294
6,2,7,0.564434353127651
6,2,8,0.421536351611074
6,2,9,0.24829820448154
6,2,10,0.189958128591944
6,3,0,0.679902686979439
6,3,1,0.716334226657391
6,3,2,0.88052794527936
6,3,3,0.968973308868417
6,3,4,0.887862260397529
6,3,5,0.737085900805685
6,3,6,0.656166817092079
6,3,7,0.618715231860009
6,3,8,0.479596071466625
6,3,9,0.290185011817464
6,3,10,0.227297106501467
6,4,0,0.791526663824958
6,4,1,0.827996014667561
6,4,2,0.882528680007277
6,4,3,0.852553900387274
6,4,4,0.728654614404563
6,4,5,0.61970743922673
6,4,6,0.632939019477782
6,4,7,0.690548865383454
6,4,8,0.596749652759154
6,4,9,0.406061524096113
6,4,10,0.348751858746348
6,5,0,0.915838161564697
6,5,1,0.922011510086577
6,5,2,0.854889137618162
6,5,3,0.742540641527386
6,5,4,0.637317495546005
6,5,5,0.587188455067294
6,5,6,0.65013106271583
6,5,7,0.747262629118952
6,5,8,0.675901546758709
6,5,9,0.481734451620811
6,5,10,0.413899109579099
6,6,0,1
6,6,1,0.993413659634201
6,6,2,0.88768727201402
6,6,3,0.759128349981976
6,6,4,0.657821191891074
6,6,5,0.593048525489308
6,6,6,0.622886289444843
6,6,7,0.705389198952066
6,6,8,0.650104017173282
6,6,9,0.469083623014753
6,6,10,0.393791964664823
6,7,0,0.959132915984119
6,7,1,0.938364028999291
6,7,2,0.879658591597115
6,7,3,0.806107943140449
6,7,4,0.676953277343415
6,7,5,0.51715073389627
6,7,6,0.460508620529288
6,7,7,0.510568522768937
6,7,8,0.492142383551978
6,7,9,0.38102151593963
6,7,10,0.354830621748586
6,8,0,0.809193839106032
6,8,1,0.746933379939017
6,8,2,0.75459078227267
6,8,3,0.77320110356426
6,8,4,0.633375751432417
6,8,5,0.385259683515567
6,8,6,0.250208239292471
6,8,7,0.264282243594668
6,8,8,0.285730779193837
6,8,9,0.293386325090679
6,8,10,0.385514125355675
6,9,0,0.654775736462319
6,9,1,0.561310835077034
6,9,2,0.591446927793437
6,9,3,0.643457111625753
6,9,4,0.498112263686704
6,9,5,0.227836574336283
6,9,6,0.0863513904400758
6,9,7,0.102961061234378
6,9,8,0.152543969943336
6,9,9,0.253055158469514
6,9,10,0.459353946809156
6,10,0,0.587830072819542
6,10,1,0.497581744061797
6,10,2,0.491382021978929
6,10,3,0.479953806482593
6,10,4,0.311566241955398
6,10,5,0.0788218546667731
6,10,6,0
6,10,7,0.0626749218196362
6,10,8,0.121989416486993
6,10,9,0.234906156258801
6,10,10,0.481263701400189
7,0,0,0.283258572118466
7,0,1,0.429368340678982
7,0,2,0.489071813127464
7,0,3,0.603148123008936
7,0,4,0.828138807844756
7,0,5,1
7,0,6,0.980750447105735
7,0,7,0.766099885337562
7,0,8,0.479314482680091
7,0,9,0.289323020780923
7,0,10,0.254434256419729
7,1,0,0.292195820021717
7,1,1,0.41167292354416
7,1,2,0.476768166599635
7,1,3,0.547274205285189
7,1,4,0.623935124626488
7,1,5,0.667866286131869
7,1,6,0.688772316031064
7,1,7,0.662081952811941
7,1,8,0.55845307396081
7,1,9,0.423500371190356
7,1,10,0.315548488241269
7,2,0,0.33904920789104
7,2,1,0.390833518689518
7,2,2,0.437771043890656
7,2,3,0.433539658345844
7,2,4,0.369537710320489
7,2,5,0.369212302098471
7,2,6,0.51443229991832
7,2,7,0.692230522197631
7,2,8,0.734378420337566
7,2,9,0.593297431824628
7,2,10,0.362493921941313
7,3,0,0.30138021466635
7,3,1,0.266587048893873
7,3,2,0.279757756063571
7,3,3,0.238285700827482
7,3,4,0.138338998929549
7,3,5,0.191828749264272
7,3,6,0.485714004605083
7,3,7,0.830785227864965
7,3,8,0.967759200030511
7,3,9,0.781872260870412
7,3,10,0.407567775242274
7,4,0,0.267272998187316
7,4,1,0.164847815945602
7,4,2,0.126776128784204
7,4,3,0.0845349250033461
7,4,4,0.0390039126207614
7,4,5,0.159019125297842
7,4,6,0.486876900257198
7,4,7,0.83846130177194
7,4,8,0.970826071590355
7,4,9,0.760325318191073
7,4,10,0.3410817450425
7,5,0,0.382037802142356
7,5,1,0.274336791133148
7,5,2,0.204513083423289
7,5,3,0.169954293285686
7,5,4,0.173298631043328
7,5,5,0.275231049852686
7,5,6,0.46474205880456
7,5,7,0.631922562158862
7,5,8,0.65312637472994
7,5,9,0.476242320444197
7,5,10,0.186385318254495
7,6,0,0.552079299629683
7,6,1,0.513627161368522
7,6,2,0.487631387346999
7,6,3,0.47761768748058
7,6,4,0.480843318428779
7,6,5,0.510829186067929
7,6,6,0.537155059093477
7,6,7,0.492583483326262
7,6,8,0.371042230009281
7,6,9,0.249994279323734
7,6,10,0.175085507149391
7,7,0,0.549322085827635
7,7,1,0.600573534861264
7,7,2,0.670243242499225
7,7,3,0.706474739861975
7,7,4,0.701009575006777
7,7,5,0.707476992878483
7,7,6,0.692850731622531
7,7,7,0.551563108574584
7,7,8,0.335605321139474
7,7,9,0.245382618111123
7,7,10,0.318186415289299
7,8,0,0.393387677026992
7,8,1,0.47512008200708
7,8,2,0.595193869425719
7,8,3,0.657283342233365
7,8,4,0.65935124549613
7,8,5,0.697460785994723
7,8,6,0.711588198470103
7,8,7,0.555013731060619
7,8,8,0.329801990906974
7,8,9,0.278614835316865
7,8,10,0.397471134895533
7,9,0,0.286418028520843
7,9,1,0.322280467410136
7,9,2,0.410842808934816
7,9,3,0.442324010075494
7,9,4,0.420432952132984
7,9,5,0.455768576947045
7,9,6,0.467713182166909
7,9,7,0.325199855204638
7,9,8,0.178799289418693
7,9,9,0.215025017498012
7,9,10,0.347404911919738
7,10,0,0.276049315406437
7,10,1,0.272777920836728
7,10,2,0.329802157023754
7,10,3,0.315878383419041
7,10,4,0.215203667935801
7,10,5,0.167237716828291
7,10,6,0.136801088877566
7,10,7,0.0333654568061377
7,10,8,0
7,10,9,0.122973789247923
7,10,10,0.261306360634491
8,0,0,0.387394201257448
8,0,1,0.505798619537962
8,0,2,0.56962891944542
8,0,3,0.56935308046872
8,0,4,0.594736385812741
8,0,5,0.660293376878114
8,0,6,0.697943895098449
8,0,7,0.701700169403999
8,0,8,0.669296960544923
8,0,9,0.56850029907952
8,0,10,0.398049078423046
8,1,0,0.458230729434526
8,1,1,0.705009455080232
8,1,2,0.823394940348543
8,1,3,0.765751875701769
8,1,4,0.681540759288328
8,1,5,0.669963056910567
8,1,6,0.647013095308306
8,1,7,0.548998938426794
8,1,8,0.412621887822995
8,1,9,0.292871333004973
8,1,10,0.205351322899715
8,2,0,0.343507103905183
8,2,1,0.590616094727538
8,2,2,0.727843282253386
8,2,3,0.709971007555792
8,2,4,0.645125719909556
8,2,5,0.605439488252732
8,2,6,0.515987280161772
8,2,7,0.338383969056294
8,2,8,0.16959928732362
8,2,9,0.101346129593734
8,2,10,0.102008594309203
8,3,0,0.119248847634072
8,3,1,0.325358401473645
8,3,2,0.505475825825089
8,3,3,0.585660103886402
8,3,4,0.563986526263726
8,3,5,0.475438415056041
8,3,6,0.329913854408303
8,3,7,0.148964750198969
8,3,8,0.0290961716057676
8,3,9,0.0390287746684629
8,3,10,0.0879500122698035
8,4,0,0.0403798320017223
8,4,1,0.231216312685768
8,4,2,0.436501902898336
8,4,3,0.5443256941169
8,4,4,0.504175674689362
8,4,5,0.36062490709249
8,4,6,0.197048352068699
8,4,7,0.0547048957983672
8,4,8,0
8,4,9,0.0870997789537993
8,4,10,0.176432823163523
8,5,0,0.120044603791461
8,5,1,0.286978174668887
8,5,2,0.442527726273895
8,5,3,0.494185087379109
8,5,4,0.443371740932046
8,5,5,0.330545360534351
8,5,6,0.205308145991558
8,5,7,0.0845257014541138
8,5,8,0.0345727327012989
8,5,9,0.139501327660169
8,5,10,0.258788219102382
8,6,0,0.204020972097461
8,6,1,0.286934496388855
8,6,2,0.338864141296018
8,6,3,0.339265706326279
8,6,4,0.356963010018924
8,6,5,0.374209053851945
8,6,6,0.331793491455036
8,6,7,0.209337382068131
8,6,8,0.0934143813036096
8,6,9,0.123405354681122
8,6,10,0.234299823449696
8,7,0,0.314634406073372
8,7,1,0.284657201819998
8,7,2,0.227389126208579
8,7,3,0.211019069076378
8,7,4,0.331779329898247
8,7,5,0.49688385915836
8,7,6,0.542168340663686
8,7,7,0.40632460901411
8,7,8,0.198760973840762
8,7,9,0.126882363970002
8,7,10,0.220543538332996
8,8,0,0.520729771684709
8,8,1,0.41965101429616
8,8,2,0.289236640403432
8,8,3,0.270513756924263
8,8,4,0.453864564319574
8,8,5,0.702213752849125
8,8,6,0.792848386961088
8,8,7,0.627446812702632
8,8,8,0.356945560737358
8,8,9,0.262016129094998
8,8,10,0.389801207483324
8,9,0,0.683595063794981
8,9,1,0.556096946527955
8,9,2,0.422509881429006
8,9,3,0.429502637412843
8,9,4,0.629432907829097
8,9,5,0.882573205327287
8,9,6,0.963528989866832
8,9,7,0.761572135114836
8,9,8,0.489837059785075
8,9,9,0.479237347874
8,9,10,0.690358121415601
8,10,0,0.637822583490947
8,10,1,0.504194287220983
8,10,2,0.439174404466603
8,10,3,0.523052481306024
8,10,4,0.743802293887672
8,10,5,0.968114328627795
8,10,6,1
8,10,7,0.760749570923356
8,10,8,0.52405693367168
8,10,9,0.619503448557764
8,10,10,0.882390999213875
9,0,0,1
9,0,1,0.921606614428752
9,0,2,0.779315899171338
9,0,3,0.702566709228084
9,0,4,0.63984472228328
9,0,5,0.558989849634101
9,0,6,0.537641675516542
9,0,7,0.574567631769607
9,0,8,0.545554530654719
9,0,9,0.392108184104331
9,0,10,0.221738611851345
9,1,0,0.832815084140377
9,1,1,0.822256849947195
9,1,2,0.726098035188231
9,1,3,0.682265782892285
9,1,4,0.658201671659848
9,1,5,0.614145286192783
9,1,6,0.589750362586505
9,1,7,0.571413339690124
9,1,8,0.493282017111043
9,1,9,0.34654867196869
9,1,10,0.223935576369008
9,2,0,0.696911526464388
9,2,1,0.750049261400183
9,2,2,0.692793785533793
9,2,3,0.640685374813147
9,2,4,0.599502814479107
9,2,5,0.548362235775719
9,2,6,0.519447585252096
9,2,7,0.508287658722826
9,2,8,0.468607383997992
9,2,9,0.397926939028122
9,2,10,0.364920822803659
9,3,0,0.650625408294325
9,3,1,0.744181183801752
9,3,2,0.6958790547227
9,3,3,0.586879465413087
9,3,4,0.486392624589207
9,3,5,0.40440081919034
9,3,6,0.359468056407664
9,3,7,0.360908945582517
9,3,8,0.371287935512952
9,3,9,0.384042748349402
9,3,10,0.451684975782812
9,4,0,0.619515305079878
9,4,1,0.701786840224405
9,4,2,0.649352877702435
9,4,3,0.50404770445699
9,4,4,0.380480937717629
9,4,5,0.300189003767715
9,4,6,0.231225942180869
9,4,7,0.182419244759764
9,4,8,0.169207491466347
9,4,9,0.226220086170282
9,4,10,0.386752190157275
9,5,0,0.579405387030985
9,5,1,0.620512163176055
9,5,2,0.565876259672817
9,5,3,0.438225260675071
9,5,4,0.35930520174657
9,5,5,0.330126496389291
9,5,6,0.249029834451817
9,5,7,0.108544905371011
9,5,8,0.0085191895961545
9,5,9,0.0598499438320245
9,5,10,0.266606729606408
9,6,0,0.571479980179117
9,6,1,0.604391491672222
9,6,2,0.549180358027784
9,6,3,0.458354345504904
9,6,4,0.445675013214099
9,6,5,0.480150978199453
9,6,6,0.408047558640332
9,6,7,0.194703139078059
9,6,8,0
9,6,9,0.00552217712350211
9,6,10,0.199946746465274
9,7,0,0.619558391466728
9,7,1,0.689497742799192
9,7,2,0.633542946167672
9,7,3,0.564354066718942
9,7,4,0.58635643838771
9,7,5,0.650221766186285
9,7,6,0.590991994328409
9,7,7,0.356783955597952
9,7,8,0.120214934675886
9,7,9,0.0873570344010294
9,7,10,0.248889535863425
9,8,0,0.704480499483534
9,8,1,0.799970506257152
9,8,2,0.737096548864584
9,8,3,0.674943497382109
9,8,4,0.699315823333443
9,8,5,0.757177219021004
9,8,6,0.712934517533183
9,8,7,0.5218418014426
9,8,8,0.329326760979808
9,8,9,0.3062461837546
9,8,10,0.449794225691855
9,9,0,0.774018739566116
9,9,1,0.8450922763101
9,9,2,0.766122956524742
9,9,3,0.712111232303602
9,9,4,0.735834400524308
9,9,5,0.785062562176597
9,9,6,0.774487398793945
9,9,7,0.672984555221483
9,9,8,0.574756229779388
9,9,9,0.589950092264249
9,9,10,0.720501573383886
9,10,0,0.813514743848773
9,10,1,0.821094518991822
9,10,2,0.717231621660827
9,10,3,0.672830597882211
9,10,4,0.703690626938434
9,10,5,0.753221990349272
9,10,6,0.777430216225524
9,10,7,0.758902893766376
9,10,8,0.749048898544226
9,10,9,0.799937143258975
9,10,10,0.89719926479105
10,0,0,1
10,0,1,0.961763779607448
10,0,2,0.8299165367156
10,0,3,0.692552461235891
10,0,4,0.625344134444241
10,0,5,0.596794881019479
10,0,6,0.566619010697818
10,0,7,0.54570675401912
10,0,8,0.573784275481717
10,0,9,0.664827438854228
10,0,10,0.754082318673223
10,1,0,0.926184677065751
10,1,1,0.879471121061522
10,1,2,0.734356003532546
10,1,3,0.563241685928392
10,1,4,0.442531724199608
10,1,5,0.399963253013791
10,1,6,0.436004401749148
10,1,7,0.520745292495482
10,1,8,0.635351560738587
10,1,9,0.782441528445947
10,1,10,0.910093582242082
10,2,0,0.725513293827633
10,2,1,0.667268554315707
10,2,2,0.503305735361556
10,2,3,0.308192528193921
10,2,4,0.165263308061056
10,2,5,0.14040376416569
10,2,6,0.254042537798417
10,2,7,0.440269953144111
10,2,8,0.63053413908134
10,2,9,0.810542790459019
10,2,10,0.950707321835424
10,3,0,0.511586057520976
10,3,1,0.431933360491454
10,3,2,0.25946903811515
10,3,3,0.0862734276723144
10,3,4,0
10,3,5,0.0484332083498269
10,3,6,0.216030185542969
10,3,7,0.423445279510293
10,3,8,0.6127750537765
10,3,9,0.774552423333355
10,3,10,0.892099031956516
10,4,0,0.424297368306908
10,4,1,0.343668676845903
10,4,2,0.196807954574972
10,4,3,0.0865433828234796
10,4,4,0.0996780101264571
10,4,5,0.228834300435113
10,4,6,0.385304070095755
10,4,7,0.50830318465912
10,4,8,0.612832074630262
10,4,9,0.715074593460302
10,4,10,0.79279701762806
10,5,0,0.494493288263082
10,5,1,0.447387346414515
10,5,2,0.359536280702775
10,5,3,0.322817394723175
10,5,4,0.411646447114209
10,5,5,0.563628857545016
10,5,6,0.633144816248766
10,5,7,0.616255310950327
10,5,8,0.625802986540576
10,5,9,0.687626332353478
10,5,10,0.74561378853088
10,6,0,0.654146020307271
10,6,1,0.637345723460795
10,6,2,0.603422994872558
10,6,3,0.61959825137981
10,6,4,0.730613952063582
10,6,5,0.840877452744265
10,6,6,0.793889349418662
10,6,7,0.654603435520158
10,6,8,0.615822801485749
10,6,9,0.690946066598183
10,6,10,0.770311284475392
10,7,0,0.800220185529064
10,7,1,0.793874733257513
10,7,2,0.781423060298135
10,7,3,0.80429455535535
10,7,4,0.885673923917185
10,7,5,0.940233161374447
10,7,6,0.832515957689219
10,7,7,0.641462909367585
10,7,8,0.579414571718167
10,7,9,0.668448593903374
10,7,10,0.782260039191549
10,8,0,0.854832223257274
10,8,1,0.859526285353463
10,8,2,0.845084021872626
10,8,3,0.838265228990571
10,8,4,0.870912601993762
10,8,5,0.898147941722478
10,8,6,0.810927929905411
10,8,7,0.64389056484896
10,8,8,0.568486773507782
10,8,9,0.640122750437552
10,8,10,0.773391191829287
10,9,0,0.811536400732102
10,9,1,0.832730257528659
10,9,2,0.814225010553592
10,9,3,0.789074106664439
10,9,4,0.802757023410579
10,9,5,0.822720295004681
10,9,6,0.764069386972974
10,9,7,0.646523658122914
10,9,8,0.599719081714886
10,9,9,0.682629792477627
10,9,10,0.835288791654054
10,10,0,0.701609026841159
10,10,1,0.73936342939428
10,10,2,0.730761601084245
10,10,3,0.719742911077322
10,10,4,0.743616347562962
10,10,5,0.741853488080274
10,10,6,0.661466049241156
10,10,7,0.577850913854971
10,10,8,0.614268800945594
10,10,9,0.776300205904345
10,10,10,0.957717406068494
11,0,0,0.458907225091203
11,0,1,0.355823756291614
11,0,2,0.208476177017034
11,0,3,0.204812156137555
11,0,4,0.362650541879292
11,0,5,0.488973009693366
11,0,6,0.498813125742976
11,0,7,0.510111771964624
11,0,8,0.595754532823192
11,0,9,0.714883510164894
11,0,10,0.814777189996442
11,1,0,0.689278659147267
11,1,1,0.619913945575821
11,1,2,0.504600241053745
11,1,3,0.522865357386317
11,1,4,0.640814790185711
11,1,5,0.662813342741735
11,1,6,0.56483181363797
11,1,7,0.515825505674515
11,1,8,0.590879116753168
11,1,9,0.721537403862703
11,1,10,0.829526396228452
11,2,0,0.884720031937687
11,2,1,0.878040852309653
11,2,2,0.813102585624774
11,2,3,0.825497855962738
11,2,4,0.854782068581022
11,2,5,0.738822827924905
11,2,6,0.52447930254316
11,2,7,0.429634970144089
11,2,8,0.528784145626447
11,2,9,0.70223100498644
11,2,10,0.816408684245284
11,3,0,0.94600914243453
11,3,1,1
11,3,2,0.987340717009384
11,3,3,0.975958112737799
11,3,4,0.915847258109733
11,3,5,0.708113311378477
11,3,6,0.447124355032461
11,3,7,0.369819031778584
11,3,8,0.53171545334054
11,3,9,0.746761436378429
11,3,10,0.825736423945629
11,4,0,0.808104057045438
11,4,1,0.887436693441213
11,4,2,0.923794357105037
11,4,3,0.920571037080209
11,4,4,0.845111004123535
11,4,5,0.652177708351787
11,4,6,0.429120212702213
11,4,7,0.389221663584949
11,4,8,0.58405948938327
11,4,9,0.803663242807725
11,4,10,0.826623863051544
11,5,0,0.566917244994098
11,5,1,0.622932820730483
11,5,2,0.684657018267162
11,5,3,0.710755745407917
11,5,4,0.66999160273594
11,5,5,0.5522579130346
11,5,6,0.412166168822719
11,5,7,0.39891114034994
11,5,8,0.56291271696105
11,5,9,0.732677951129615
11,5,10,0.708070934869953
11,6,0,0.350978533952248
11,6,1,0.367744603171234
11,6,2,0.41615063622704
11,6,3,0.44257761298115
11,6,4,0.421711729103526
11,6,5,0.370844436665535
11,6,6,0.32338827770118
11,6,7,0.344631319713405
11,6,8,0.451607178223008
11,6,9,0.5328692676374
11,6,10,0.464483559911274
11,7,0,0.148949346153844
11,7,1,0.141767978961728
11,7,2,0.166662033622123
11,7,3,0.190112475671351
11,7,4,0.194625089969862
11,7,5,0.188739181505197
11,7,6,0.204593103906412
11,7,7,0.267724797323458
11,7,8,0.351778059995813
11,7,9,0.368157740182183
11,7,10,0.260797514616551
11,8,0,0.0242555193113465
11,8,1,0
11,8,2,0.0153708272146466
11,8,3,0.0626675270193031
11,8,4,0.106574108240232
11,8,5,0.112187395741351
11,8,6,0.137045297990993
11,8,7,0.236692673026544
11,8,8,0.358156542888646
11,8,9,0.380342011328752
11,8,10,0.25888575486469
11,9,0,0.121854222733988
11,9,1,0.0670553392050782
11,9,2,0.0613640789081552
11,9,3,0.118938599337925
11,9,4,0.173204246503954
11,9,5,0.157066357892147
11,9,6,0.15602024112179
11,9,7,0.26846340279619
11,9,8,0.442277773809468
11,9,9,0.513129701335701
11,9,10,0.407252426408703
11,10,0,0.37194810174782
11,10,1,0.265509000018116
11,10,2,0.190757810393597
11,10,3,0.220652153698871
11,10,4,0.277148979968177
11,10,5,0.26312419614727
11,10,6,0.240222717366027
11,10,7,0.317458148573927
11,10,8,0.484275034848084
11,10,9,0.575536610026759
11,10,10,0.487332193355007
12,0,0,0.188205487573204
12,0,1,0.206090502483138
12,0,2,0.350953712328627
12,0,3,0.469519841382199
12,0,4,0.405576478231639
12,0,5,0.217795182315666
12,0,6,0.0943607520607567
12,0,7,0.11520329300093
12,0,8,0.161764713055877
12,0,9,0.117227005811973
12,0,10,0
12,1,0,0.00600266853242953
12,1,1,0.0988290279010831
12,1,2,0.367653065706161
12,1,3,0.554992820629095
12,1,4,0.467847950656932
12,1,5,0.264126712555006
12,1,6,0.196654327217072
12,1,7,0.277047256040034
12,1,8,0.327966400050927
12,1,9,0.275759447387354
12,1,10,0.189979972712881
12,2,0,0.0495840235625188
12,2,1,0.177053245411996
12,2,2,0.499614044356419
12,2,3,0.704107437959007
12,2,4,0.600932607431392
12,2,5,0.404086768004054
12,2,6,0.376577976301472
12,2,7,0.47227597392685
12,2,8,0.498328508322762
12,2,9,0.4366140835144
12,2,10,0.39716288679373
12,3,0,0.241567323362344
12,3,1,0.388479547542912
12,3,2,0.697058250747859
12,3,3,0.860681473548847
12,3,4,0.74435546933743
12,3,5,0.586193377182434
12,3,6,0.598487711163953
12,3,7,0.665025823043421
12,3,8,0.615619477962725
12,3,9,0.510467378621173
12,3,10,0.490971702070697
12,4,0,0.488575883241959
12,4,1,0.639242885194928
12,4,2,0.868811741432687
12,4,3,0.932609970282
12,4,4,0.790496959730341
12,4,5,0.693137784740351
12,4,6,0.755787284495353
12,4,7,0.777628674574153
12,4,8,0.643431007649141
12,4,9,0.505898621516009
12,4,10,0.503938548739184
12,5,0,0.736269056144222
12,5,1,0.864863012737157
12,5,2,0.968102094848762
12,5,3,0.895268551594637
12,5,4,0.71237840185042
12,5,5,0.669624264272759
12,5,6,0.777437911660336
12,5,7,0.776635788286795
12,5,8,0.621206825422456
12,5,9,0.524854628376613
12,5,10,0.575194578626681
12,6,0,0.896400100512148
12,6,1,1
12,6,2,0.991062344623502
12,6,3,0.809764004192754
12,6,4,0.604608811649663
12,6,5,0.591488401769542
12,6,6,0.703822743986409
12,6,7,0.691992500642231
12,6,8,0.566292615100355
12,6,9,0.533575036467386
12,6,10,0.625850865137998
12,7,0,0.874326848401085
12,7,1,0.996897790300447
12,7,2,0.951946788724081
12,7,3,0.736672727633177
12,7,4,0.55440699492956
12,7,5,0.570551509844638
12,7,6,0.673756520598973
12,7,7,0.658187104046248
12,7,8,0.550079161023222
12,7,9,0.502837003315336
12,7,10,0.542969971509736
12,8,0,0.701559431414546
12,8,1,0.869613122007475
12,8,2,0.836972491845568
12,8,3,0.647807554846339
12,8,4,0.540807748294869
12,8,5,0.628613792427394
12,8,6,0.762080792468894
12,8,7,0.76204581330936
12,8,8,0.646114181450745
12,8,9,0.517284418914133
12,8,10,0.429312746605687
12,9,0,0.49576187115992
12,9,1,0.643348369280914
12,9,2,0.599470609338426
12,9,3,0.484149816522129
12,9,4,0.515084026417539
12,9,5,0.70674469753074
12,9,6,0.870628532645086
12,9,7,0.870558432858933
12,9,8,0.74436245054751
12,9,9,0.561319084813549
12,9,10,0.37688403025334
12,10,0,0.30810657062351
12,10,1,0.349373329472364
12,10,2,0.289113486004666
12,10,3,0.292639755870313
12,10,4,0.473466743134843
12,10,5,0.722491641808402
12,10,6,0.84955482718758
12,10,7,0.810441708843822
12,10,8,0.689045292639854
12,10,9,0.523550398395797
12,10,10,0.336248550223075
13,0,0,0.835421584623327
13,0,1,0.939332136441105
13,0,2,0.883594152047189
13,0,3,0.77728167035626
13,0,4,0.668092274303113
13,0,5,0.547209975036493
13,0,6,0.456661617612067
13,0,7,0.442535508955103
13,0,8,0.499585597572703
13,0,9,0.593944976015708
13,0,10,0.653550984140902
13,1,0,0.885901743748895
13,1,1,0.931487172467222
13,1,2,0.83115149766861
13,1,3,0.717864574652876
13,1,4,0.660458418650704
13,1,5,0.61298270312389
13,1,6,0.572718869209869
13,1,7,0.582246522951766
13,1,8,0.61516887958601
13,1,9,0.61060400874872
13,1,10,0.562402301178035
13,2,0,0.826000550270398
13,2,1,0.819659305649511
13,2,2,0.736786311864357
13,2,3,0.684350473342254
13,2,4,0.695297748881663
13,2,5,0.72222423838947
13,2,6,0.762154010587136
13,2,7,0.817055728449028
13,2,8,0.797629213258981
13,2,9,0.63002778701636
13,2,10,0.414322606500857
13,3,0,0.592827056034547
13,3,1,0.579632985016303
13,3,2,0.58696980919401
13,3,3,0.667127522872983
13,3,4,0.771347849173359
13,3,5,0.850405817377873
13,3,6,0.935068125838731
13,3,7,1
13,3,8,0.90835081359783
13,3,9,0.593355637983957
13,3,10,0.243931529709011
13,4,0,0.289750929662387
13,4,1,0.293982207353102
13,4,2,0.421127419365903
13,4,3,0.65095209817295
13,4,4,0.838094083273427
13,4,5,0.916070668613234
13,4,6,0.962248891728972
13,4,7,0.975450937158539
13,4,8,0.823720950519791
13,4,9,0.45419237242006
13,4,10,0.0918907979340762
13,5,0,0.123350143300967
13,5,1,0.111141741309549
13,5,2,0.307729977692869
13,5,3,0.616856311917453
13,5,4,0.814619013386726
13,5,5,0.834282263523052
13,5,6,0.795338753179985
13,5,7,0.736750411486105
13,5,8,0.564980224110685
13,5,9,0.246756997708118
13,5,10,0
13,6,0,0.162201000244058
13,6,1,0.108311096032171
13,6,2,0.293538004814199
13,6,3,0.573737141326914
13,6,4,0.699402929578259
13,6,5,0.639428516421751
13,6,6,0.53311865572862
13,6,7,0.436051225794577
13,6,8,0.301935269445945
13,6,9,0.115371252884134
13,6,10,0.0400396565093741
13,7,0,0.295107107195914
13,7,1,0.234041601138148
13,7,2,0.355706489082706
13,7,3,0.530985520318862
13,7,4,0.556339991052458
13,7,5,0.442796188141099
13,7,6,0.319403468555048
13,7,7,0.241557185445837
13,7,8,0.202323219467752
13,7,9,0.174964853852713
13,7,10,0.219420560930484
13,8,0,0.398558061980835
13,8,1,0.376677623781021
13,8,2,0.427700284186619
13,8,3,0.489303079538136
13,8,4,0.447849386347308
13,8,5,0.332626696716199
13,8,6,0.241394643425248
13,8,7,0.222638246783789
13,8,8,0.283590746869615
13,8,9,0.364462552980255
13,8,10,0.427335056879163
13,9,0,0.431034444884376
13,9,1,0.462782210545995
13,9,2,0.487482247711354
13,9,3,0.491572104241762
13,9,4,0.437604277538818
13,9,5,0.362042752440085
13,9,6,0.327547910365206
13,9,7,0.359255316186692
13,9,8,0.455220322461249
13,9,9,0.547677014015877
13,9,10,0.571221024404063
13,10,0,0.444758989784884
13,10,1,0.523386156353227
13,10,2,0.568347094747695
13,10,3,0.560435114472606
13,10,4,0.501734021580436
13,10,5,0.458951239398219
13,10,6,0.472979280816203
13,10,7,0.523751813067339
13,10,8,0.596756460842919
13,10,9,0.657481283413325
13,10,10,0.665310635647252
14,0,0,0.964177678743201
14,0,1,0.841516551237276
14,0,2,0.710890085703659
14,0,3,0.625207479323022
14,0,4,0.576172031581519
14,0,5,0.561585089461842
14,0,6,0.576297427254101
14,0,7,0.531923964501138
14,0,8,0.33220850382034
14,0,9,0.0848627362665144
14,0,10,0
14,1,0,0.832081889535472
14,1,1,0.793867565668021
14,1,2,0.742883444999245
14,1,3,0.709363945873359
14,1,4,0.636498898529772
14,1,5,0.530535710806916
14,1,6,0.484064878098056
14,1,7,0.474081417856079
14,1,8,0.359397346963241
14,1,9,0.162096776006972
14,1,10,0.0449992876849185
14,2,0,0.488083198892998
14,2,1,0.505352812454039
14,2,2,0.556645581777953
14,2,3,0.628363430016996
14,2,4,0.606879148604103
14,2,5,0.485703394995562
14,2,6,0.425048905320983
14,2,7,0.475974912465951
14,2,8,0.480242860399074
14,2,9,0.373825705685669
14,2,10,0.272590297388348
14,3,0,0.112595572453005
14,3,1,0.133013364366372
14,3,2,0.260023705262152
14,3,3,0.437359388042746
14,3,4,0.51820670201113
14,3,5,0.446679802950537
14,3,6,0.37844284646605
14,3,7,0.437255370930724
14,3,8,0.517093535557433
14,3,9,0.515554912841726
14,3,10,0.494795165488176
14,4,0,0.0040664252634226
14,4,1,0.0135852111439905
14,4,2,0.158767380881425
14,4,3,0.369540165917743
14,4,4,0.515691377157373
14,4,5,0.487925648724665
14,4,6,0.376295698277847
14,4,7,0.351786477986982
14,4,8,0.416621143731274
14,4,9,0.486986846970808
14,4,10,0.559476394748074
14,5,0,0.208634297162777
14,5,1,0.20029216839729
14,5,2,0.2963615437063
14,5,3,0.44593886419589
14,5,4,0.577269651999824
14,5,5,0.570277527482463
14,5,6,0.424658640653053
14,5,7,0.291919730516853
14,5,8,0.272795442827857
14,5,9,0.346172978474537
14,5,10,0.466378880428055
14,6,0,0.471711326177423
14,6,1,0.435914472455774
14,6,2,0.456991234788116
14,6,3,0.503096221217275
14,6,4,0.573990374665989
14,6,5,0.596428239020525
14,6,6,0.483788184378235
14,6,7,0.297323979019288
14,6,8,0.185190774401285
14,6,9,0.212097292021091
14,6,10,0.333335188665922
14,7,0,0.588703865174328
14,7,1,0.552724787575859
14,7,2,0.562324391497623
14,7,3,0.546486872055666
14,7,4,0.544102004318609
14,7,5,0.57481743045535
14,7,6,0.524726985251195
14,7,7,0.35817291067799
14,7,8,0.212416907086274
14,7,9,0.204508820626864
14,7,10,0.302405490073134
14,8,0,0.60139770774031
14,8,1,0.617922432989901
14,8,2,0.701024962049636
14,8,3,0.675170346454971
14,8,4,0.576806738390576
14,8,5,0.552464148155708
14,8,6,0.553340889372988
14,8,7,0.474387808860524
14,8,8,0.373599101801646
14,8,9,0.353082744529818
14,8,10,0.389906874735711
14,9,0,0.595161480534861
14,9,1,0.706250019204696
14,9,2,0.882786857208335
14,9,3,0.85121496161719
14,9,4,0.658828284950273
14,9,5,0.580470966392458
14,9,6,0.647812087930427
14,9,7,0.679009480328882
14,9,8,0.617855834124203
14,9,9,0.545925725981602
14,9,10,0.478140633036267
14,10,0,0.560709298553531
14,10,1,0.767418436076432
14,10,2,1
14,10,3,0.95320708258595
14,10,4,0.729595777700033
14,10,5,0.679350124290888
14,10,6,0.83347003588262
14,10,7,0.919216964163117
14,10,8,0.814533307819474
14,10,9,0.642643282454113
14,10,10,0.493137401803747
15,0,0,0.838983157479545
15,0,1,0.898884379852063
15,0,2,1
15,0,3,0.987141246722443
15,0,4,0.841168295785858
15,0,5,0.699031187518285
15,0,6,0.618878677931983
15,0,7,0.49725369197306
15,0,8,0.300276112143304
15,0,9,0.211085045704438
15,0,10,0.362062709224844
15,1,0,0.709960862049583
15,1,1,0.746927250953684
15,1,2,0.879592422323886
15,1,3,0.92946890570169
15,1,4,0.804699832266387
15,1,5,0.619679430214104
15,1,6,0.490511324905913
15,1,7,0.354627606521247
15,1,8,0.179481906733535
15,1,9,0.169990028494324
15,1,10,0.450210643097455
15,2,0,0.606867187701091
15,2,1,0.65142251354981
15,2,2,0.790893922980529
15,2,3,0.864913179467041
15,2,4,0.748739997663371
15,2,5,0.530803468220103
15,2,6,0.367280507590541
15,2,7,0.235160929490427
15,2,8,0.110431527720157
15,2,9,0.206203094813404
15,2,10,0.611788225185917
15,3,0,0.6306519472727
15,3,1,0.684289962349099
15,3,2,0.766438348667207
15,3,3,0.761500143205786
15,3,4,0.598863633559751
15,3,5,0.389547570856658
15,3,6,0.291817013326604
15,3,7,0.258669344271617
15,3,8,0.213575494970044
15,3,9,0.335369050775329
15,3,10,0.726660772860826
15,4,0,0.743910053364002
15,4,1,0.751054616482232
15,4,2,0.69442338902764
15,4,3,0.556474422398927
15,4,4,0.362804781387977
15,4,5,0.242338930990301
15,4,6,0.303095207025951
15,4,7,0.430790145361644
15,4,8,0.465118153248052
15,4,9,0.511938662562244
15,4,10,0.726082193138593
15,5,0,0.896421882181073
15,5,1,0.810707054894937
15,5,2,0.589723860701485
15,5,3,0.335502801337208
15,5,4,0.142014371632375
15,5,5,0.117039804299783
15,5,6,0.308654896576228
15,5,7,0.570075938555587
15,5,8,0.690040761129779
15,5,9,0.661701857947136
15,5,10,0.648013085011063
15,6,0,0.968817127022678
15,6,1,0.827993508969515
15,6,2,0.539979106810394
15,6,3,0.243789586264555
15,6,4,0.0381254680287485
15,6,5,0.0112114991967305
15,6,6,0.21618533510439
15,6,7,0.543832169184249
15,6,8,0.759606262412649
15,6,9,0.717785163256464
15,6,10,0.528652256602742
15,7,0,0.838771900600378
15,7,1,0.745538907491613
15,7,2,0.567308603172752
15,7,3,0.347360373677936
15,7,4,0.122556831730349
15,7,5,0
15,7,6,0.115626459432573
15,7,7,0.431714677218607
15,7,8,0.697121809080078
15,7,9,0.663323154580404
15,7,10,0.382617071252137
15,8,0,0.610781449813339
15,8,1,0.621166817493916
15,8,2,0.646401717375809
15,8,3,0.574813245111256
15,8,4,0.350812250062958
15,8,5,0.128967593241537
15,8,6,0.13410333491013
15,8,7,0.373170234240338
15,8,8,0.604866475239027
15,8,9,0.574139900840557
15,8,10,0.301194865943116
15,9,0,0.470538412490526
15,9,1,0.526313510001477
15,9,2,0.678779048861222
15,9,3,0.724903770970867
15,9,4,0.537910118350693
15,9,5,0.301122759877928
15,9,6,0.269368574581751
15,9,7,0.438499577610457
15,9,8,0.596121490548646
15,9,9,0.568607506595991
15,9,10,0.383422624566121
15,10,0,0.435482898245489
15,10,1,0.416287651648733
15,10,2,0.550512744923495
15,10,3,0.653476612155919
15,10,4,0.555412123371064
15,10,5,0.39875478322611
15,10,6,0.422399509496485
15,10,7,0.597998245253674
15,10,8,0.718315192645861
15,10,9,0.694297259527076
15,10,10,0.593480237827675
16,0,0,0.576205478361761
16,0,1,0.407320559058742
16,0,2,0.450214337042454
16,0,3,0.607183279406044
16,0,4,0.687189077319539
16,0,5,0.583196253709072
16,0,6,0.42234672553871
16,0,7,0.382158489299816
16,0,8,0.41985382014617
16,0,9,0.406646738666455
16,0,10,0.404675805465816
16,1,0,0.614007680763524
16,1,1,0.454901650190308
16,1,2,0.441273146321849
16,1,3,0.546716028205159
16,1,4,0.65506524756175
16,1,5,0.657206225695264
16,1,6,0.597706858547105
16,1,7,0.566016496413026
16,1,8,0.515162817356448
16,1,9,0.3936701469963
16,1,10,0.326066600609887
16,2,0,0.712226736654931
16,2,1,0.60417079668216
16,2,2,0.522008778366039
16,2,3,0.541104650372715
16,2,4,0.636132492459842
16,2,5,0.708077700082231
16,2,6,0.738448423808113
16,2,7,0.728345638362145
16,2,8,0.601303629164502
16,2,9,0.368224406749916
16,2,10,0.223187653992071
16,3,0,0.856938856538335
16,3,1,0.773200591876211
16,3,2,0.606285945417572
16,3,3,0.525017478640426
16,3,4,0.572327536378703
16,3,5,0.67863552717299
16,3,6,0.795909188291957
16,3,7,0.841967262131141
16,3,8,0.697446908012948
16,3,9,0.410391487308799
16,3,10,0.22295804383829
16,4,0,0.884940198228147
16,4,1,0.767803085579
16,4,2,0.528494829553267
16,4,3,0.387885267719963
16,4,4,0.416440820728169
16,4,5,0.563145034048209
16,4,6,0.761737621912011
16,4,7,0.872557254317283
16,4,8,0.753800441782062
16,4,9,0.476514862649887
16,4,10,0.292505210487849
16,5,0,0.748869291688541
16,5,1,0.58282706196504
16,5,2,0.327852646292684
16,5,3,0.192417468583794
16,5,4,0.244244579457049
16,5,5,0.424857009799058
16,5,6,0.654163308381349
16,5,7,0.792672015230867
16,5,8,0.713875883840971
16,5,9,0.487281895927551
16,5,10,0.333873532349479
16,6,0,0.596916038133756
16,6,1,0.394546279183903
16,6,2,0.183107852462107
16,6,3,0.096616096197627
16,6,4,0.178281390884204
16,6,5,0.360253708718323
16,6,6,0.565866434273166
16,6,7,0.703932695041289
16,6,8,0.689866663941219
16,6,9,0.559345296182349
16,6,10,0.464573732881052
16,7,0,0.528235513971896
16,7,1,0.285637837146433
16,7,2,0.132196985366954
16,7,3,0.115310366952564
16,7,4,0.223133949572827
16,7,5,0.384387748061892
16,7,6,0.549507086736289
16,7,7,0.682973909030881
16,7,8,0.746569701413083
16,7,9,0.747740845080122
16,7,10,0.758121583880776
16,8,0,0.466598853758366
16,8,1,0.181937194312642
16,8,2,0.0725068079485488
16,8,3,0.137542798938234
16,8,4,0.277104057679884
16,8,5,0.405128231821672
16,8,6,0.524979020727607
16,8,7,0.643664387624158
16,8,8,0.74834824689837
16,8,9,0.859935987431236
16,8,10,1
16,9,0,0.380676686535037
16,9,1,0.0888437188646482
16,9,2,0
16,9,3,0.120552495974714
16,9,4,0.279832130048725
16,9,5,0.366661805399094
16,9,6,0.434634731682841
16,9,7,0.518845471603671
16,9,8,0.610744592203859
16,9,9,0.760656039626878
16,9,10,0.970941367364937
16,10,0,0.388177576896735
16,10,1,0.125405326789416
16,10,2,0.0123050695106661
16,10,3,0.108890527447614
16,10,4,0.25247042247327
16,10,5,0.307878151982195
16,10,6,0.326308034957833
16,10,7,0.365337418200682
16,10,8,0.435788930774329
16,10,9,0.579681105817515
16,10,10,0.758500959871865
17,0,0,1
17,0,1,0.882385935311877
17,0,2,0.654839735906068
17,0,3,0.484438649379814
17,0,4,0.41396125175793
17,0,5,0.438006580809798
17,0,6,0.515077298445476
17,0,7,0.533415215046603
17,0,8,0.470598880573679
17,0,9,0.466252564606534
17,0,10,0.581975185614042
17,1,0,0.841330502648038
17,1,1,0.907651638926642
17,1,2,0.871345926782964
17,1,3,0.808444121318963
17,1,4,0.766837505842786
17,1,5,0.784285887019201
17,1,6,0.810716566822964
17,1,7,0.707399931520951
17,1,8,0.504920521490583
17,1,9,0.42934732420785
17,1,10,0.552377718520439
17,2,0,0.593509833244326
17,2,1,0.751456993385609
17,2,2,0.860946891649491
17,2,3,0.888779453171033
17,2,4,0.861145360207892
17,2,5,0.851340302595618
17,2,6,0.825035728282159
17,2,7,0.650370408972002
17,2,8,0.397799185643583
17,2,9,0.316822253495312
17,2,10,0.452115281198514
17,3,0,0.34425182079682
17,3,1,0.504600923607649
17,3,2,0.671035164892495
17,3,3,0.743727014476185
17,3,4,0.722648913185016
17,3,5,0.68672732360104
17,3,6,0.621422131667388
17,3,7,0.433077635639228
17,3,8,0.212228923439194
17,3,9,0.172389129325715
17,3,10,0.317321301760809
17,4,0,0.221861384031073
17,4,1,0.351388365411057
17,4,2,0.488058438704481
17,4,3,0.557494140054948
17,4,4,0.553289108046394
17,4,5,0.513980021738023
17,4,6,0.430953963659103
17,4,7,0.259723526055205
17,4,8,0.0805581593096101
17,4,9,0.0498362998501304
17,4,10,0.174507154764496
17,5,0,0.274130739270793
17,5,1,0.364124966960051
17,5,2,0.419447668752775
17,5,3,0.454487637580182
17,5,4,0.486063591123828
17,5,5,0.48617358379708
17,5,6,0.427588854350754
17,5,7,0.294736885343583
17,5,8,0.125218187976672
17,5,9,0.023274648630243
17,5,10,0.0536741091246911
17,6,0,0.380428515072445
17,6,1,0.40457362214942
17,6,2,0.388335826178149
17,6,3,0.409681943058014
17,6,4,0.503991280031239
17,6,5,0.579735573979826
17,6,6,0.570353969343643
17,6,7,0.472851383589483
17,6,8,0.294667454091896
17,6,9,0.099151303756529
17,6,10,0
17,7,0,0.428911203166229
17,7,1,0.361330556249249
17,7,2,0.30458684064163
17,7,3,0.338460760979224
17,7,4,0.492437225965612
17,7,5,0.644840938995423
17,7,6,0.683992460633996
17,7,7,0.598620809262281
17,7,8,0.409464665212415
17,7,9,0.178383299483354
17,7,10,0.0263014093753864
17,8,0,0.480501196553127
17,8,1,0.348672767345264
17,8,2,0.257801859994374
17,8,3,0.265011472584572
17,8,4,0.400049678123235
17,8,5,0.582065855933868
17,8,6,0.67661106025251
17,8,7,0.615776831022908
17,8,8,0.434143713762878
17,8,9,0.239285226448759
17,8,10,0.148190164969534
17,9,0,0.555958032053986
17,9,1,0.430479983884022
17,9,2,0.322870195668618
17,9,3,0.267704599626799
17,9,4,0.303223560139348
17,9,5,0.4439279893482
17,9,6,0.582041175853292
17,9,7,0.586360825110335
17,9,8,0.468240544537956
17,9,9,0.354963827896877
17,9,10,0.35183055963788
17,10,0,0.484536937733996
17,10,1,0.423238783440393
17,10,2,0.371937923481574
17,10,3,0.319464610072045
17,10,4,0.282132838331888
17,10,5,0.347878057317927
17,10,6,0.484371596863457
17,10,7,0.575308420800833
17,10,8,0.580753784206287
17,10,9,0.544151180795441
17,10,10,0.534964457002411
18,0,0,0.166609903248898
18,0,1,0.0852015406628936
18,0,2,0.154693129293843
18,0,3,0.312242109275775
18,0,4,0.436677215783385
18,0,5,0.512923547001158
18,0,6,0.551485232212969
18,0,7,0.537054980742642
18,0,8,0.49106053527187
18,0,9,0.431887663361992
18,0,10,0.379012145241814
18,1,0,0.136922185982754
18,1,1,0
18,1,2,0.0904350472685344
18,1,3,0.315288019141082
18,1,4,0.54216933193983
18,1,5,0.728601958198594
18,1,6,0.835289839901781
18,1,7,0.817553450878097
18,1,8,0.686133466936828
18,1,9,0.484516354859961
18,1,10,0.308052512480999
18,2,0,0.147387004292151
18,2,1,0.00990700998938032
18,2,2,0.0746497658186639
18,2,3,0.273458400083874
18,2,4,0.525953283461435
18,2,5,0.78231916898332
18,2,6,0.964479690873783
18,2,7,1
18,2,8,0.868207698760374
18,2,9,0.618697143751563
18,2,10,0.38275293811437
18,3,0,0.12852976676297
18,3,1,0.0578450537636412
18,3,2,0.0688281460619154
18,3,3,0.152308866024067
18,3,4,0.332774110951602
18,3,5,0.574419391392903
18,3,6,0.776943761944217
18,3,7,0.870553952809345
18,3,8,0.818239926312609
18,3,9,0.644492774782654
18,3,10,0.468328995671722
18,4,0,0.113109736715877
18,4,1,0.137262311536973
18,4,2,0.105319606443991
18,4,3,0.0547294433206321
18,4,4,0.118285893898059
18,4,5,0.292728084314856
18,4,6,0.461706494795548
18,4,7,0.566212677479783
18,4,8,0.586672132245124
18,4,9,0.534646496615955
18,4,10,0.506699115528863
18,5,0,0.146157171893034
18,5,1,0.248309813859699
18,5,2,0.239556291364037
18,5,3,0.149095071536103
18,5,4,0.144607794521785
18,5,5,0.244490161991581
18,5,6,0.328524693436933
18,5,7,0.358021966305499
18,5,8,0.365772133954918
18,5,9,0.376156272226576
18,5,10,0.464273250749255
18,6,0,0.2470793198185
18,6,1,0.376335981911059
18,6,2,0.411172529552133
18,6,3,0.347658685845434
18,6,4,0.331932474005311
18,6,5,0.384671363542354
18,6,6,0.384420030288215
18,6,7,0.309694766007863
18,6,8,0.246023521436178
18,6,9,0.240287547514414
18,6,10,0.347707115739312
18,7,0,0.377487692154297
18,7,1,0.483487355625998
18,7,2,0.494595508688807
18,7,3,0.406849609243827
18,7,4,0.374436858336437
18,7,5,0.427463914677474
18,7,6,0.42640926966951
18,7,7,0.331198816773425
18,7,8,0.232681264547331
18,7,9,0.192613062555674
18,7,10,0.263137184788971
18,8,0,0.470763077417114
18,8,1,0.532353106954266
18,8,2,0.480731340259194
18,8,3,0.343179752061375
18,8,4,0.293917071690991
18,8,5,0.361746017649215
18,8,6,0.399125218872979
18,8,7,0.356834126986432
18,8,8,0.293952682299844
18,8,9,0.253995062235582
18,8,10,0.290692130258242
18,9,0,0.500015083721049
18,9,1,0.520350338861008
18,9,2,0.436905244977838
18,9,3,0.321592543770576
18,9,4,0.316552947474116
18,9,5,0.389315492032705
18,9,6,0.414690249004529
18,9,7,0.402175415694295
18,9,8,0.393911135396485
18,9,9,0.381539878270741
18,9,10,0.395708504015959
18,10,0,0.518302952805
18,10,1,0.500367668724918
18,10,2,0.397031643418876
18,10,3,0.348516357096102
18,10,4,0.440091820295144
18,10,5,0.529444503562694
18,10,6,0.50981527563297
18,10,7,0.482894696353686
18,10,8,0.504837827587264
18,10,9,0.510048824024873
18,10,10,0.483615628141743
19,0,0,0.695726916108152
19,0,1,0.705335003523146
19,0,2,0.555596408692877
19,0,3,0.414659080374741
19,0,4,0.448675579816008
19,0,5,0.54103533924958
19,0,6,0.482278853220431
19,0,7,0.304285617098522
19,0,8,0.230976951541548
19,0,9,0.309556397531707
19,0,10,0.346244249324063
19,1,0,0.664814300236311
19,1,1,0.6632099765632
19,1,2,0.492757610685902
19,1,3,0.334199575822361
19,1,4,0.3616242960927
19,1,5,0.474739233841958
19,1,6,0.480124076382341
19,1,7,0.393700097282476
19,1,8,0.362023534941735
19,1,9,0.367990845303685
19,1,10,0.28088582296975
19,2,0,0.596985186837158
19,2,1,0.573737501101278
19,2,2,0.391011023007762
19,2,3,0.226688550378813
19,2,4,0.249479073931434
19,2,5,0.392017148172372
19,2,6,0.487858275755822
19,2,7,0.509441862438973
19,2,8,0.505610965602205
19,2,9,0.4404776669929
19,2,10,0.292648415163055
19,3,0,0.541294684221228
19,3,1,0.461358217797603
19,3,2,0.264239380447052
19,3,3,0.11221707330127
19,3,4,0.148455232473284
19,3,5,0.324972145770068
19,3,6,0.494745433001393
19,3,7,0.5958532538525
19,3,8,0.620072360678044
19,3,9,0.543828461517147
19,3,10,0.410940645989363
19,4,0,0.513869239413979
19,4,1,0.364225286954027
19,4,2,0.154079636310798
19,4,3,0.0320704791100187
19,4,4,0.100168695908103
19,4,5,0.301940692114594
19,4,6,0.5041929550819
19,4,7,0.644571487544321
19,4,8,0.706842711739878
19,4,9,0.676373424847427
19,4,10,0.591574971440673
19,5,0,0.510058388434353
19,5,1,0.321105219152398
19,5,2,0.108308177616606
19,5,3,0
19,5,4,0.0667965035682294
19,5,5,0.260216311055546
19,5,6,0.475283405649768
19,5,7,0.652676786200694
19,5,8,0.760166461888893
19,5,9,0.77577671597859
19,5,10,0.724655834953381
19,6,0,0.507459512557905
19,6,1,0.326164128507918
19,6,2,0.13012050427958
19,6,3,0.014943990203598
19,6,4,0.0433903588272846
19,6,5,0.212573624345788
19,6,6,0.454734145021428
19,6,7,0.685433603132956
19,6,8,0.818001078867662
19,6,9,0.8203747796372
19,6,10,0.755595723510022
19,7,0,0.475442105084236
19,7,1,0.325732138134957
19,7,2,0.161402646132203
19,7,3,0.0546419777478195
19,7,4,0.0744748551420352
19,7,5,0.259371432786301
19,7,6,0.54978603477392
19,7,7,0.813990659309408
19,7,8,0.913938205662206
19,7,9,0.833779205369383
19,7,10,0.716800327172168
19,8,0,0.45646191599461
19,8,1,0.333362783622107
19,8,2,0.188669681102996
19,8,3,0.0958480408090358
19,8,4,0.14083039769672
19,8,5,0.375751258574282
19,8,6,0.709399005687817
19,8,7,0.962207647429923
19,8,8,0.986276020086965
19,8,9,0.808295301193722
19,8,10,0.639425036027233
19,9,0,0.547150008897906
19,9,1,0.437119249206735
19,9,2,0.274719164992411
19,9,3,0.156128273606244
19,9,4,0.201117748928432
19,9,5,0.460204690533804
19,9,6,0.795676014201057
19,9,7,1
19,9,8,0.956476719207945
19,9,9,0.734532504335013
19,9,10,0.553631900890162
19,10,0,0.756600614836767
19,10,1,0.653521621159552
19,10,2,0.455657147076529
19,10,3,0.285333211589516
19,10,4,0.294421137179104
19,10,5,0.519818981382727
19,10,6,0.797859206317732
19,10,7,0.932750130889355
19,10,8,0.856146096171249
19,10,9,0.659627362064572
19,10,10,0.514348561471103
20,0,0,0.586538808037886
20,0,1,0.582319832692106
20,0,2,0.508882403479019
20,0,3,0.440670860058437
20,0,4,0.397437217215097
20,0,5,0.301693748190438
20,0,6,0.140207100028765
20,0,7,0.0167909610306591
20,0,8,0
20,0,9,0.0762849550245489
20,0,10,0.308726576997866
20,1,0,0.433991025707733
20,1,1,0.491163944267994
20,1,2,0.50025440394203
20,1,3,0.446929828061811
20,1,4,0.380685920663188
20,1,5,0.327825404776001
20,1,6,0.276247272746636
20,1,7,0.238552024030204
20,1,8,0.2443304654196
20,1,9,0.284187187727621
20,1,10,0.443907954776369
20,2,0,0.441024627029197
20,2,1,0.49105847513692
20,2,2,0.545525837561976
20,2,3,0.504443683879635
20,2,4,0.427390708259122
20,2,5,0.428136858737325
20,2,6,0.489400539922134
20,2,7,0.5317316178366
20,2,8,0.539919014007195
20,2,9,0.512231436952537
20,2,10,0.549767969683607
20,3,0,0.56884865923038
20,3,1,0.536026082301183
20,3,2,0.562466974718669
20,3,3,0.539704807067941
20,3,4,0.505308502723041
20,3,5,0.577300298734275
20,3,6,0.708992473661534
20,3,7,0.754979325462723
20,3,8,0.684792566791729
20,3,9,0.547537698747643
20,3,10,0.485321133552845
20,4,0,0.731708269703611
20,4,1,0.642448492902158
20,4,2,0.630136076594779
20,4,3,0.629230094085256
20,4,4,0.633331859694903
20,4,5,0.720790312882062
20,4,6,0.839067380079477
20,4,7,0.83770905771975
20,4,8,0.706249186681176
20,4,9,0.532565869719271
20,4,10,0.444562956181097
20,5,0,0.755393458251839
20,5,1,0.706065387702767
20,5,2,0.72640076551996
20,5,3,0.747320996520385
20,5,4,0.743042376121237
20,5,5,0.779275069061354
20,5,6,0.821221028358583
20,5,7,0.76778534676187
20,5,8,0.66969420211588
20,5,9,0.609333308975101
20,5,10,0.592934857801644
20,6,0,0.577829013694108
20,6,1,0.620508425460992
20,6,2,0.728536023109081
20,6,3,0.77606180426784
20,6,4,0.760332056915443
20,6,5,0.750927365942303
20,6,6,0.710521083017943
20,6,7,0.604568448076045
20,6,8,0.566182028200505
20,6,9,0.664550379631257
20,6,10,0.776053915565803
20,7,0,0.3111302770303
20,7,1,0.40428131333392
20,7,2,0.587126234985477
20,7,3,0.687923982021165
20,7,4,0.709976237033768
20,7,5,0.693435493585289
20,7,6,0.595832991120466
20,7,7,0.455390032921544
20,7,8,0.444748481655864
20,7,9,0.610458000822329
20,7,10,0.796591418746161
20,8,0,0.106275849996662
20,8,1,0.195873822625698
20,8,2,0.429100509598297
20,8,3,0.610908608035241
20,8,4,0.692923862176285
20,8,5,0.665913773673288
20,8,6,0.522323970175144
20,8,7,0.381782649932022
20,8,8,0.396272773095209
20,8,9,0.547566133522971
20,8,10,0.705837826419055
20,9,0,0.0798026235237792
20,9,1,0.176954215981118
20,9,2,0.449058881580368
20,9,3,0.690410238672645
20,9,4,0.794653472446517
20,9,5,0.731772353089136
20,9,6,0.555012150634705
20,9,7,0.445625290598268
20,9,8,0.505949152349703
20,9,9,0.627919949983265
20,9,10,0.697190711560183
20,10,0,0.227587362966514
20,10,1,0.398988194768154
20,10,2,0.699532188905302
20,10,3,0.933335096947223
20,10,4,1
20,10,5,0.888946634828243
20,10,6,0.70521580855487
20,10,7,0.652826827374186
20,10,8,0.770791874555765
20,10,9,0.870131008214477
20,10,10,0.843914222665476
